"country","iso_code","renewables_share_energy","oof_predicted","oof_residual","final_predicted","final_residual","abs_residual","tier"
"Algeria","DZA",0.288,2.31133806885971,-2.02333806885971,1.53625202148964,-1.24825202148964,2.02333806885971,"very_low"
"Argentina","ARG",11.332,8.68882183484897,2.64317816515103,8.60795789740116,2.72404210259884,2.64317816515103,"low"
"Australia","AUS",8.278,8.54249938905548,-0.264499389055482,8.86444020845263,-0.586440208452634,0.264499389055482,"low"
"Austria","AUT",34.528,25.7145933976161,8.81340660238392,24.2734873246307,10.2545126753693,8.81340660238392,"high"
"Azerbaijan","AZE",3.066,11.6051869102085,-8.53918691020845,10.1642205048845,-7.09822050488449,8.53918691020845,"very_low"
"Bangladesh","BGD",0.707,5.87661704802503,-5.16961704802503,5.96072329025954,-5.25372329025954,5.16961704802503,"very_low"
"Belarus","BLR",0.626,-2.98838544776813,3.61438544776813,-3.45497330482918,4.08097330482918,3.61438544776813,"very_low"
"Belgium","BEL",7.538,22.68704081933,-15.14904081933,20.5890966675123,-13.0510966675123,15.14904081933,"low"
"Brazil","BRA",45.428,22.8855562718563,22.5424437281437,24.3507069211783,21.0772930788217,22.5424437281437,"high"
"Bulgaria","BGR",12.589,16.5989926532874,-4.0099926532874,16.1891134422607,-3.60011344226073,4.0099926532874,"low"
"Canada","CAN",28.892,33.478500684874,-4.58650068487403,30.7008447312196,-1.80884473121955,4.58650068487403,"medium"
"Chile","CHL",24.334,16.8707735771627,7.46322642283728,17.3810769936367,6.95292300636326,7.46322642283728,"medium"
"China","CHN",12.862,2.93524541271238,9.92675458728762,6.02367419926509,6.83832580073491,9.92675458728762,"low"
"Colombia","COL",29.727,23.951473550673,5.77552644932699,22.8734593450854,6.85354065491465,5.77552644932699,"medium"
"Croatia","HRV",27.056,23.4395741896584,3.61642581034156,22.9252284131749,4.13077158682511,3.61642581034156,"medium"
"Czechia","CZE",6.36,14.0598362649862,-7.69983626498617,13.8006966186799,-7.44069661867989,7.69983626498617,"low"
"Denmark","DNK",30.938,26.1999889397293,4.73801106027067,25.3679683549861,5.57003164501388,4.73801106027067,"high"
"Ecuador","ECU",27.487,25.5476585762606,1.93934142373943,27.2480456780488,0.238954321951169,1.93934142373943,"medium"
"Egypt","EGY",4.082,4.59730560054943,-0.515305600549434,4.00649056368785,0.0755094363121502,0.515305600549434,"very_low"
"Estonia","EST",8.033,2.57046331807897,5.46253668192103,3.19758324676204,4.83541675323796,5.46253668192103,"low"
"Finland","FIN",28.736,23.8087800632573,4.92721993674272,24.4614504628782,4.2745495371218,4.92721993674272,"medium"
"France","FRA",11.961,30.8703837913846,-18.9093837913846,29.376245258372,-17.415245258372,18.9093837913846,"low"
"Germany","DEU",17.135,17.3124533445602,-0.177453344560217,17.8237411187346,-0.688741118734576,0.177453344560217,"medium"
"Greece","GRC",13.841,13.5820808905241,0.258919109475915,13.5126213994359,0.328378600564127,0.258919109475915,"low"
"Hong Kong","HKG",0.123,11.8231198777177,-11.7001198777177,13.2645414146826,-13.1415414146826,11.7001198777177,"very_low"
"Hungary","HUN",4.958,19.3296942254286,-14.3716942254286,20.1495269490922,-15.1915269490922,14.3716942254286,"very_low"
"India","IND",8.069,10.3735480568832,-2.30454805688325,9.68926478657878,-1.62026478657878,2.30454805688325,"low"
"Indonesia","IDN",7.851,11.8896588046101,-4.03865880461008,13.2774279424745,-5.42642794247455,4.03865880461008,"low"
"Iran","IRN",0.929,0.49568891235057,0.43331108764943,1.22089433700872,-0.291894337008717,0.43331108764943,"very_low"
"Iraq","IRQ",0.96,5.25097359321664,-4.29097359321664,4.64723834486469,-3.68723834486469,4.29097359321664,"very_low"
"Ireland","IRL",15.684,11.2213223047703,4.46267769522972,10.4383919567858,5.24560804321425,4.46267769522972,"medium"
"Israel","ISR",1.996,-5.93931623092829,7.93531623092829,-3.81516078965264,5.81116078965264,7.93531623092829,"very_low"
"Italy","ITA",17.727,13.9123341588352,3.81466584116482,13.6109527206638,4.11604727933621,3.81466584116482,"medium"
"Japan","JPN",9.424,6.67730911947572,2.74669088052428,5.49502718605202,3.92897281394797,2.74669088052428,"low"
"Kazakhstan","KAZ",3.593,3.06915200736444,0.523847992635565,3.54062653794847,0.0523734620515262,0.523847992635565,"very_low"
"Latvia","LVA",23.443,14.4653356685197,8.97766433148033,14.4439948350438,8.9990051649562,8.97766433148033,"medium"
"Lithuania","LTU",10.193,25.2850945764163,-15.0920945764163,25.9603829756762,-15.7673829756762,15.0920945764163,"low"
"Luxembourg","LUX",7.141,34.6056124870455,-27.4646124870455,30.1515985734816,-23.0105985734816,27.4646124870455,"low"
"Malaysia","MYS",6.672,9.7416983527514,-3.0696983527514,8.40473137039341,-1.73273137039341,3.0696983527514,"low"
"Mexico","MEX",6.611,8.50619128482446,-1.89519128482446,8.05082234118325,-1.43982234118325,1.89519128482446,"low"
"Morocco","MAR",7.095,18.3125153740921,-11.2175153740921,16.8522485955948,-9.75724859559477,11.2175153740921,"low"
"Netherlands","NLD",5.75,11.7592613168007,-6.00926131680065,10.3940598057431,-4.64405980574312,6.00926131680065,"low"
"New Zealand","NZL",38.037,23.3676945956445,14.6693054043555,26.11250528095,11.92449471905,14.6693054043555,"high"
"North Macedonia","MKD",17.791,11.219002126445,6.571997873555,13.0537274117225,4.73727258827754,6.571997873555,"medium"
"Norway","NOR",69.601,26.9508692873303,42.6501307126697,39.1187621014213,30.4822378985787,42.6501307126697,"high"
"Pakistan","PAK",9.339,12.1407256982957,-2.80172569829568,12.1416578722932,-2.80265787229318,2.80172569829568,"low"
"Peru","PER",29.432,18.9981878462615,10.4338121537385,18.8812376690855,10.5507623309145,10.4338121537385,"medium"
"Philippines","PHL",12.231,11.8570011515368,0.373998848463199,13.4325936297367,-1.20159362973675,0.373998848463199,"low"
"Poland","POL",5.851,10.4073561743411,-4.55635617434113,9.90446676341322,-4.05346676341322,4.55635617434113,"low"
"Portugal","PRT",26.878,16.3745483010128,10.5034516989872,16.5037860957358,10.3742139042642,10.5034516989872,"medium"
"Romania","ROU",18.401,18.7673980850781,-0.366398085078124,19.0479099184057,-0.646909918405655,0.366398085078124,"medium"
"Russia","RUS",6.031,9.29567081033341,-3.26467081033341,9.17290850277639,-3.14190850277639,3.26467081033341,"low"
"Slovakia","SVK",9.377,23.1430764431666,-13.7660764431666,21.9233662043782,-12.5463662043782,13.7660764431666,"low"
"Slovenia","SVN",18.003,22.9536545094904,-4.95065450949041,22.9601148443256,-4.95711484432558,4.95065450949041,"medium"
"South Africa","ZAF",2.408,5.87141779394655,-3.46341779394655,3.2612813671129,-0.853281367112904,3.46341779394655,"very_low"
"South Korea","KOR",2.304,7.30424479863733,-5.00024479863733,7.60991043429913,-5.30591043429913,5.00024479863733,"very_low"
"Spain","ESP",18.231,20.5481419664028,-2.31714196640285,20.1141303463422,-1.88313034634218,2.31714196640285,"medium"
"Sweden","SWE",42.241,31.9927453270842,10.2482546729158,33.1671132060674,9.07388679393261,10.2482546729158,"high"
"Switzerland","CHE",32.541,32.1889579029206,0.352042097079348,32.3896390821075,0.151360917892447,0.352042097079348,"high"
"Taiwan","TWN",2.179,-0.550433951262567,2.72943395126257,0.813966271770597,1.3650337282294,2.72943395126257,"very_low"
"Thailand","THA",6.558,3.53600367889764,3.02199632110236,4.06063488494501,2.49736511505499,3.02199632110236,"low"
"Trinidad and Tobago","TTO",0.007,2.19174695974516,-2.18474695974516,-0.0299575077146265,0.0369575077146265,2.18474695974516,"very_low"
"Turkey","TUR",14.941,9.35831877457339,5.58268122542661,10.2666523262234,4.67434767377662,5.58268122542661,"low"
"Ukraine","UKR",3.462,15.5772189509213,-12.1152189509213,14.4126984633607,-10.9506984633607,12.1152189509213,"very_low"
"United Kingdom","GBR",14.488,16.003449198541,-1.51544919854103,16.375187567379,-1.88718756737903,1.51544919854103,"low"
"United States","USA",8.964,11.686457449091,-2.72245744909102,12.0305113738286,-3.06651137382862,2.72245744909102,"low"
"Uzbekistan","UZB",2.927,4.64963650149385,-1.72263650149385,5.38762303570982,-2.46062303570982,1.72263650149385,"very_low"
"Venezuela","VEN",24.067,16.4329830511596,7.63401694884042,18.4110137251996,5.65598627480043,7.63401694884042,"medium"
"Vietnam","VNM",20.762,6.06814295853234,14.6938570414677,8.56374685754739,12.1982531424526,14.6938570414677,"medium"
